Coil,Current,Width,X,Y,Z,Theta,Phi
A,93.0,0.075818,0.0,0.0,-0.359747,0.0,0.0
B,93.0,0.075818,0.0,0.0,0.359747,0.0,0.0
